client_id,message_id,server_id,client_send_time,server_processing_time,client_receive_time,response_time,num_servers,num_clients,num_messages
1,1,server-deployment-go-6767db9c75-gjdnn,1752180353.229599,0.001442,1752180353.233387,0.003788,2,10,1
1,1,server-deployment-go-6767db9c75-gjdnn,1752180353.244476,0.002162,1752180353.249418,0.004941,2,10,1
1,1,server-deployment-go-6767db9c75-gjdnn,1752180353.251623,0.001742,1752180353.256450,0.004826,2,10,1
1,1,server-deployment-go-6767db9c75-gjdnn,1752180353.266335,0.001616,1752180353.270394,0.004059,2,10,1
1,1,server-deployment-go-6767db9c75-klx6t,1752180353.177905,0.001790,1752180353.182399,0.004493,2,10,1
1,1,server-deployment-go-6767db9c75-klx6t,1752180353.215818,0.001689,1752180353.220399,0.004581,2,10,1
1,1,server-deployment-go-6767db9c75-klx6t,1752180353.187714,0.001989,1752180353.231400,0.043686,2,10,1
1,1,server-deployment-go-6767db9c75-klx6t,1752180353.267983,0.001722,1752180353.272391,0.004408,2,10,1
1,1,server-deployment-go-6767db9c75-klx6t,1752180353.275845,0.001673,1752180353.280383,0.004538,2,10,1
1,1,server-deployment-go-6767db9c75-klx6t,1752180353.277895,0.003032,1752180353.283456,0.005561,2,10,1
1,1,server-deployment-go-6767db9c75-gjdnn,1752180353.229599,0.001442,1752180353.233387,0.003788,2,10,1
1,1,server-deployment-go-6767db9c75-gjdnn,1752180353.244476,0.002162,1752180353.249418,0.004941,2,10,1
1,1,server-deployment-go-6767db9c75-gjdnn,1752180353.251623,0.001742,1752180353.256450,0.004826,2,10,1
1,1,server-deployment-go-6767db9c75-gjdnn,1752180353.266335,0.001616,1752180353.270394,0.004059,2,10,1
1,1,server-deployment-go-6767db9c75-gjdnn,1752180366.057712,0.001173,1752180366.061397,0.003685,2,10,1
1,1,server-deployment-go-6767db9c75-gjdnn,1752180366.137755,0.001545,1752180366.142411,0.004656,2,10,1
1,1,server-deployment-go-6767db9c75-gjdnn,1752180366.176430,0.001787,1752180366.181446,0.005016,2,10,1
1,1,server-deployment-go-6767db9c75-gjdnn,1752180366.185083,0.001378,1752180366.189409,0.004326,2,10,1
1,1,server-deployment-go-6767db9c75-klx6t,1752180353.177905,0.001790,1752180353.182399,0.004493,2,10,1
1,1,server-deployment-go-6767db9c75-klx6t,1752180353.215818,0.001689,1752180353.220399,0.004581,2,10,1
1,1,server-deployment-go-6767db9c75-klx6t,1752180353.187714,0.001989,1752180353.231400,0.043686,2,10,1
1,1,server-deployment-go-6767db9c75-klx6t,1752180353.267983,0.001722,1752180353.272391,0.004408,2,10,1
1,1,server-deployment-go-6767db9c75-klx6t,1752180353.275845,0.001673,1752180353.280383,0.004538,2,10,1
1,1,server-deployment-go-6767db9c75-klx6t,1752180353.277895,0.003032,1752180353.283456,0.005561,2,10,1
1,1,server-deployment-go-6767db9c75-klx6t,1752180366.058928,0.001308,1752180366.062373,0.003445,2,10,1
1,1,server-deployment-go-6767db9c75-klx6t,1752180366.078719,0.001659,1752180366.083489,0.004770,2,10,1
1,1,server-deployment-go-6767db9c75-klx6t,1752180366.152223,0.001646,1752180366.156370,0.004147,2,10,1
1,1,server-deployment-go-6767db9c75-klx6t,1752180366.139102,0.001275,1752180366.165375,0.026273,2,10,1
1,1,server-deployment-go-6767db9c75-klx6t,1752180366.191026,0.001722,1752180366.195394,0.004368,2,10,1
1,1,server-deployment-go-6767db9c75-klx6t,1752180366.158982,0.001741,1752180366.206400,0.047418,2,10,1
10,1,server-deployment-go-7d67b97465-px66j,1752180380.321375,0.001340,1752180380.325416,0.004041,2,10,10
10,1,server-deployment-go-7d67b97465-px66j,1752180380.387918,0.001355,1752180380.431449,0.043531,2,10,10
10,1,server-deployment-go-7d67b97465-px66j,1752180380.444335,0.001914,1752180380.449403,0.005068,2,10,10
10,1,server-deployment-go-7d67b97465-xppw7,1752180380.328446,0.001436,1752180380.333447,0.005001,2,10,10
10,1,server-deployment-go-7d67b97465-xppw7,1752180380.389223,0.001577,1752180380.393429,0.004206,2,10,10
10,1,server-deployment-go-7d67b97465-xppw7,1752180380.386963,0.001390,1752180380.402385,0.015422,2,10,10
10,1,server-deployment-go-7d67b97465-xppw7,1752180380.412715,0.001162,1752180380.416414,0.003699,2,10,10
10,1,server-deployment-go-7d67b97465-xppw7,1752180380.426365,0.001224,1752180380.430416,0.004051,2,10,10
10,1,server-deployment-go-7d67b97465-xppw7,1752180380.460316,0.001250,1752180380.464605,0.004289,2,10,10
10,1,server-deployment-go-7d67b97465-xppw7,1752180380.445712,0.001547,1752180380.484399,0.038686,2,10,10
10,1,server-deployment-go-7d67b97465-px66j,1752180380.321375,0.001340,1752180380.325416,0.004041,2,10,10
10,1,server-deployment-go-7d67b97465-px66j,1752180380.387918,0.001355,1752180380.431449,0.043531,2,10,10
10,1,server-deployment-go-7d67b97465-px66j,1752180380.444335,0.001914,1752180380.449403,0.005068,2,10,10
10,1,server-deployment-go-7d67b97465-px66j,1752180393.222239,0.001299,1752180393.226120,0.003881,2,10,10
10,1,server-deployment-go-7d67b97465-px66j,1752180393.230849,0.001245,1752180393.234095,0.003246,2,10,10
10,1,server-deployment-go-7d67b97465-px66j,1752180393.275817,0.001889,1752180393.280138,0.004321,2,10,10
10,1,server-deployment-go-7d67b97465-px66j,1752180393.287026,0.001383,1752180393.292167,0.005141,2,10,10
10,1,server-deployment-go-7d67b97465-px66j,1752180393.287503,0.001627,1752180393.292278,0.004775,2,10,10
10,1,server-deployment-go-7d67b97465-px66j,1752180393.302895,0.001357,1752180393.307144,0.004249,2,10,10
10,1,server-deployment-go-7d67b97465-px66j,1752180393.307882,0.001756,1752180393.312114,0.004232,2,10,10
10,1,server-deployment-go-7d67b97465-xppw7,1752180380.328446,0.001436,1752180380.333447,0.005001,2,10,10
10,1,server-deployment-go-7d67b97465-xppw7,1752180380.389223,0.001577,1752180380.393429,0.004206,2,10,10
10,1,server-deployment-go-7d67b97465-xppw7,1752180380.386963,0.001390,1752180380.402385,0.015422,2,10,10
10,1,server-deployment-go-7d67b97465-xppw7,1752180380.412715,0.001162,1752180380.416414,0.003699,2,10,10
10,1,server-deployment-go-7d67b97465-xppw7,1752180380.426365,0.001224,1752180380.430416,0.004051,2,10,10
10,1,server-deployment-go-7d67b97465-xppw7,1752180380.460316,0.001250,1752180380.464605,0.004289,2,10,10
10,1,server-deployment-go-7d67b97465-xppw7,1752180380.445712,0.001547,1752180380.484399,0.038686,2,10,10
10,1,server-deployment-go-7d67b97465-xppw7,1752180393.309756,0.001823,1752180393.314134,0.004379,2,10,10
10,1,server-deployment-go-7d67b97465-xppw7,1752180393.324463,0.001866,1752180393.329159,0.004695,2,10,10
10,1,server-deployment-go-7d67b97465-xppw7,1752180393.346806,0.001936,1752180393.352157,0.005351,2,10,10
1,1,server-deployment-go-85488bc4fb-fkkcc,1752180407.642024,0.001269,1752180407.647152,0.005129,2,20,1
1,1,server-deployment-go-85488bc4fb-fkkcc,1752180407.797830,0.004947,1752180407.809684,0.011853,2,20,1
1,1,server-deployment-go-85488bc4fb-fkkcc,1752180407.862659,0.002872,1752180407.871141,0.008482,2,20,1
1,1,server-deployment-go-85488bc4fb-fkkcc,1752180407.894531,0.001849,1752180407.902131,0.007599,2,20,1
1,1,server-deployment-go-85488bc4fb-fkkcc,1752180407.917549,0.001491,1752180407.923169,0.005620,2,20,1
1,1,server-deployment-go-85488bc4fb-fkkcc,1752180407.932276,0.002083,1752180407.937144,0.004868,2,20,1
1,1,server-deployment-go-85488bc4fb-fkkcc,1752180407.935567,0.001848,1752180407.940105,0.004538,2,20,1
1,1,server-deployment-go-85488bc4fb-fkkcc,1752180407.981937,0.001257,1752180407.987153,0.005216,2,20,1
1,1,server-deployment-go-85488bc4fb-fkkcc,1752180407.990829,0.001574,1752180407.996139,0.005310,2,20,1
1,1,server-deployment-go-85488bc4fb-fkkcc,1752180408.039037,0.001594,1752180408.043157,0.004120,2,20,1
1,1,server-deployment-go-85488bc4fb-fkkcc,1752180408.136979,0.001713,1752180408.141125,0.004145,2,20,1
1,1,server-deployment-go-85488bc4fb-xtzb8,1752180407.750600,0.002691,1752180407.770261,0.019661,2,20,1
1,1,server-deployment-go-85488bc4fb-xtzb8,1752180407.788685,0.003340,1752180407.801147,0.012462,2,20,1
1,1,server-deployment-go-85488bc4fb-xtzb8,1752180407.814425,0.001257,1752180407.826188,0.011764,2,20,1
1,1,server-deployment-go-85488bc4fb-xtzb8,1752180407.830968,0.002355,1752180407.838418,0.007450,2,20,1
1,1,server-deployment-go-85488bc4fb-xtzb8,1752180407.837680,0.001859,1752180407.843150,0.005471,2,20,1
1,1,server-deployment-go-85488bc4fb-xtzb8,1752180407.946906,0.001336,1752180407.953169,0.006263,2,20,1
1,1,server-deployment-go-85488bc4fb-xtzb8,1752180407.954156,0.002310,1752180407.959321,0.005165,2,20,1
1,1,server-deployment-go-85488bc4fb-xtzb8,1752180407.970015,0.001211,1752180407.975146,0.005131,2,20,1
1,1,server-deployment-go-85488bc4fb-xtzb8,1752180408.182227,0.001656,1752180408.186141,0.003914,2,20,1
1,1,server-deployment-go-85488bc4fb-fkkcc,1752180407.642024,0.001269,1752180407.647152,0.005129,2,20,1
1,1,server-deployment-go-85488bc4fb-fkkcc,1752180407.797830,0.004947,1752180407.809684,0.011853,2,20,1
1,1,server-deployment-go-85488bc4fb-fkkcc,1752180407.862659,0.002872,1752180407.871141,0.008482,2,20,1
1,1,server-deployment-go-85488bc4fb-fkkcc,1752180407.894531,0.001849,1752180407.902131,0.007599,2,20,1
1,1,server-deployment-go-85488bc4fb-fkkcc,1752180407.917549,0.001491,1752180407.923169,0.005620,2,20,1
1,1,server-deployment-go-85488bc4fb-fkkcc,1752180407.932276,0.002083,1752180407.937144,0.004868,2,20,1
1,1,server-deployment-go-85488bc4fb-fkkcc,1752180407.935567,0.001848,1752180407.940105,0.004538,2,20,1
1,1,server-deployment-go-85488bc4fb-fkkcc,1752180407.981937,0.001257,1752180407.987153,0.005216,2,20,1
1,1,server-deployment-go-85488bc4fb-fkkcc,1752180407.990829,0.001574,1752180407.996139,0.005310,2,20,1
1,1,server-deployment-go-85488bc4fb-fkkcc,1752180408.039037,0.001594,1752180408.043157,0.004120,2,20,1
1,1,server-deployment-go-85488bc4fb-fkkcc,1752180408.136979,0.001713,1752180408.141125,0.004145,2,20,1
1,1,server-deployment-go-85488bc4fb-fkkcc,1752180421.488583,0.002573,1752180421.495716,0.007133,2,20,1
1,1,server-deployment-go-85488bc4fb-fkkcc,1752180421.573294,0.001205,1752180421.587867,0.014573,2,20,1
1,1,server-deployment-go-85488bc4fb-fkkcc,1752180421.605186,0.002232,1752180421.611910,0.006725,2,20,1
1,1,server-deployment-go-85488bc4fb-fkkcc,1752180421.635382,0.001825,1752180421.640913,0.005531,2,20,1
1,1,server-deployment-go-85488bc4fb-fkkcc,1752180421.659762,0.002007,1752180421.667874,0.008112,2,20,1
1,1,server-deployment-go-85488bc4fb-fkkcc,1752180421.684594,0.002168,1752180421.690619,0.006025,2,20,1
1,1,server-deployment-go-85488bc4fb-fkkcc,1752180421.777978,0.001437,1752180421.782896,0.004918,2,20,1
1,1,server-deployment-go-85488bc4fb-fkkcc,1752180421.791670,0.001328,1752180421.795856,0.004187,2,20,1
1,1,server-deployment-go-85488bc4fb-fkkcc,1752180421.851361,0.001740,1752180421.855860,0.004499,2,20,1
1,1,server-deployment-go-85488bc4fb-fkkcc,1752180421.952479,0.001156,1752180421.955878,0.003400,2,20,1
1,1,server-deployment-go-85488bc4fb-xtzb8,1752180407.750600,0.002691,1752180407.770261,0.019661,2,20,1
1,1,server-deployment-go-85488bc4fb-xtzb8,1752180407.788685,0.003340,1752180407.801147,0.012462,2,20,1
1,1,server-deployment-go-85488bc4fb-xtzb8,1752180407.814425,0.001257,1752180407.826188,0.011764,2,20,1
1,1,server-deployment-go-85488bc4fb-xtzb8,1752180407.830968,0.002355,1752180407.838418,0.007450,2,20,1
1,1,server-deployment-go-85488bc4fb-xtzb8,1752180407.837680,0.001859,1752180407.843150,0.005471,2,20,1
1,1,server-deployment-go-85488bc4fb-xtzb8,1752180407.946906,0.001336,1752180407.953169,0.006263,2,20,1
1,1,server-deployment-go-85488bc4fb-xtzb8,1752180407.954156,0.002310,1752180407.959321,0.005165,2,20,1
1,1,server-deployment-go-85488bc4fb-xtzb8,1752180407.970015,0.001211,1752180407.975146,0.005131,2,20,1
1,1,server-deployment-go-85488bc4fb-xtzb8,1752180408.182227,0.001656,1752180408.186141,0.003914,2,20,1
1,1,server-deployment-go-85488bc4fb-xtzb8,1752180421.490922,0.001705,1752180421.499905,0.008983,2,20,1
1,1,server-deployment-go-85488bc4fb-xtzb8,1752180421.530959,0.002585,1752180421.541728,0.010768,2,20,1
1,1,server-deployment-go-85488bc4fb-xtzb8,1752180421.585304,0.001548,1752180421.592934,0.007630,2,20,1
1,1,server-deployment-go-85488bc4fb-xtzb8,1752180421.647471,0.003244,1752180421.655891,0.008420,2,20,1
1,1,server-deployment-go-85488bc4fb-xtzb8,1752180421.691350,0.001718,1752180421.698231,0.006881,2,20,1
1,1,server-deployment-go-85488bc4fb-xtzb8,1752180421.787317,0.001909,1752180421.791883,0.004566,2,20,1
1,1,server-deployment-go-85488bc4fb-xtzb8,1752180421.790457,0.001647,1752180421.794907,0.004449,2,20,1
1,1,server-deployment-go-85488bc4fb-xtzb8,1752180421.812534,0.001875,1752180421.817887,0.005353,2,20,1
1,1,server-deployment-go-85488bc4fb-xtzb8,1752180421.819327,0.001333,1752180421.822859,0.003532,2,20,1
1,1,server-deployment-go-85488bc4fb-xtzb8,1752180421.843421,0.001887,1752180421.847933,0.004511,2,20,1
10,1,server-deployment-go-8497fdf684-7ltnj,1752180437.182241,0.003116,1752180437.200948,0.018707,2,20,10
10,1,server-deployment-go-8497fdf684-7ltnj,1752180437.216590,0.001564,1752180437.221871,0.005280,2,20,10
10,1,server-deployment-go-8497fdf684-7ltnj,1752180437.267107,0.012561,1752180437.286204,0.019097,2,20,10
10,1,server-deployment-go-8497fdf684-7ltnj,1752180437.328063,0.002017,1752180437.333911,0.005848,2,20,10
10,1,server-deployment-go-8497fdf684-7ltnj,1752180437.335174,0.001281,1752180437.339868,0.004694,2,20,10
10,1,server-deployment-go-8497fdf684-7ltnj,1752180437.342398,0.001980,1752180437.347881,0.005483,2,20,10
10,1,server-deployment-go-8497fdf684-7ltnj,1752180437.377458,0.001627,1752180437.382874,0.005416,2,20,10
10,1,server-deployment-go-8497fdf684-7ltnj,1752180437.383026,0.001182,1752180437.386890,0.003865,2,20,10
10,1,server-deployment-go-8497fdf684-7ltnj,1752180437.413702,0.001991,1752180437.421930,0.008228,2,20,10
10,1,server-deployment-go-8497fdf684-7ltnj,1752180437.426588,0.001374,1752180437.431894,0.005306,2,20,10
10,1,server-deployment-go-8497fdf684-7ltnj,1752180437.460142,0.002081,1752180437.464863,0.004721,2,20,10
10,1,server-deployment-go-8497fdf684-7xzvk,1752180437.127068,0.001307,1752180437.143006,0.015938,2,20,10
10,1,server-deployment-go-8497fdf684-7xzvk,1752180437.168392,0.001904,1752180437.173898,0.005506,2,20,10
10,1,server-deployment-go-8497fdf684-7xzvk,1752180437.168888,0.001118,1752180437.178887,0.009999,2,20,10
10,1,server-deployment-go-8497fdf684-7xzvk,1752180437.174292,0.001150,1752180437.179933,0.005641,2,20,10
10,1,server-deployment-go-8497fdf684-7xzvk,1752180437.286641,0.001484,1752180437.294940,0.008300,2,20,10
10,1,server-deployment-go-8497fdf684-7xzvk,1752180437.292406,0.002078,1752180437.298900,0.006495,2,20,10
10,1,server-deployment-go-8497fdf684-7xzvk,1752180437.418912,0.001509,1752180437.424196,0.005284,2,20,10
10,1,server-deployment-go-8497fdf684-7xzvk,1752180437.507828,0.001504,1752180437.511874,0.004046,2,20,10
10,1,server-deployment-go-8497fdf684-7xzvk,1752180437.576633,0.001974,1752180437.580873,0.004240,2,20,10
10,1,server-deployment-go-8497fdf684-7ltnj,1752180437.182241,0.003116,1752180437.200948,0.018707,2,20,10
10,1,server-deployment-go-8497fdf684-7ltnj,1752180437.216590,0.001564,1752180437.221871,0.005280,2,20,10
10,1,server-deployment-go-8497fdf684-7ltnj,1752180437.267107,0.012561,1752180437.286204,0.019097,2,20,10
10,1,server-deployment-go-8497fdf684-7ltnj,1752180437.328063,0.002017,1752180437.333911,0.005848,2,20,10
10,1,server-deployment-go-8497fdf684-7ltnj,1752180437.335174,0.001281,1752180437.339868,0.004694,2,20,10
10,1,server-deployment-go-8497fdf684-7ltnj,1752180437.342398,0.001980,1752180437.347881,0.005483,2,20,10
10,1,server-deployment-go-8497fdf684-7ltnj,1752180437.377458,0.001627,1752180437.382874,0.005416,2,20,10
10,1,server-deployment-go-8497fdf684-7ltnj,1752180437.383026,0.001182,1752180437.386890,0.003865,2,20,10
10,1,server-deployment-go-8497fdf684-7ltnj,1752180437.413702,0.001991,1752180437.421930,0.008228,2,20,10
10,1,server-deployment-go-8497fdf684-7ltnj,1752180437.426588,0.001374,1752180437.431894,0.005306,2,20,10
10,1,server-deployment-go-8497fdf684-7ltnj,1752180437.460142,0.002081,1752180437.464863,0.004721,2,20,10
10,1,server-deployment-go-8497fdf684-7ltnj,1752180450.209189,0.001973,1752180450.232677,0.023489,2,20,10
10,1,server-deployment-go-8497fdf684-7ltnj,1752180450.293295,0.002269,1752180450.299285,0.005990,2,20,10
10,1,server-deployment-go-8497fdf684-7ltnj,1752180450.300093,0.003064,1752180450.307124,0.007031,2,20,10
10,1,server-deployment-go-8497fdf684-7ltnj,1752180450.317050,0.001701,1752180450.322571,0.005521,2,20,10
10,1,server-deployment-go-8497fdf684-7ltnj,1752180450.324425,0.001607,1752180450.330589,0.006164,2,20,10
10,1,server-deployment-go-8497fdf684-7ltnj,1752180450.378686,0.001932,1752180450.383567,0.004881,2,20,10
10,1,server-deployment-go-8497fdf684-7ltnj,1752180450.354695,0.001899,1752180450.399556,0.044860,2,20,10
10,1,server-deployment-go-8497fdf684-7ltnj,1752180450.420278,0.001913,1752180450.425879,0.005602,2,20,10
10,1,server-deployment-go-8497fdf684-7ltnj,1752180450.456738,0.002429,1752180450.462959,0.006221,2,20,10
10,1,server-deployment-go-8497fdf684-7ltnj,1752180450.461984,0.001643,1752180450.466561,0.004577,2,20,10
10,1,server-deployment-go-8497fdf684-7xzvk,1752180437.127068,0.001307,1752180437.143006,0.015938,2,20,10
10,1,server-deployment-go-8497fdf684-7xzvk,1752180437.168392,0.001904,1752180437.173898,0.005506,2,20,10
10,1,server-deployment-go-8497fdf684-7xzvk,1752180437.168888,0.001118,1752180437.178887,0.009999,2,20,10
10,1,server-deployment-go-8497fdf684-7xzvk,1752180437.174292,0.001150,1752180437.179933,0.005641,2,20,10
10,1,server-deployment-go-8497fdf684-7xzvk,1752180437.286641,0.001484,1752180437.294940,0.008300,2,20,10
10,1,server-deployment-go-8497fdf684-7xzvk,1752180437.292406,0.002078,1752180437.298900,0.006495,2,20,10
10,1,server-deployment-go-8497fdf684-7xzvk,1752180437.418912,0.001509,1752180437.424196,0.005284,2,20,10
10,1,server-deployment-go-8497fdf684-7xzvk,1752180437.507828,0.001504,1752180437.511874,0.004046,2,20,10
10,1,server-deployment-go-8497fdf684-7xzvk,1752180437.576633,0.001974,1752180437.580873,0.004240,2,20,10
10,1,server-deployment-go-8497fdf684-7xzvk,1752180450.063385,0.002099,1752180450.082594,0.019209,2,20,10
10,1,server-deployment-go-8497fdf684-7xzvk,1752180450.166242,0.001221,1752180450.177754,0.011512,2,20,10
10,1,server-deployment-go-8497fdf684-7xzvk,1752180450.206171,0.002893,1752180450.212893,0.006721,2,20,10
10,1,server-deployment-go-8497fdf684-7xzvk,1752180450.238965,0.001706,1752180450.249588,0.010623,2,20,10
10,1,server-deployment-go-8497fdf684-7xzvk,1752180450.248145,0.001666,1752180450.258576,0.010431,2,20,10
10,1,server-deployment-go-8497fdf684-7xzvk,1752180450.366848,0.001907,1752180450.372629,0.005781,2,20,10
10,1,server-deployment-go-8497fdf684-7xzvk,1752180450.414865,0.001815,1752180450.419568,0.004703,2,20,10
10,1,server-deployment-go-8497fdf684-7xzvk,1752180450.421016,0.001662,1752180450.425829,0.004813,2,20,10
10,1,server-deployment-go-8497fdf684-7xzvk,1752180450.421653,0.001673,1752180450.425958,0.004305,2,20,10
10,1,server-deployment-go-8497fdf684-7xzvk,1752180450.462553,0.001502,1752180450.466566,0.004013,2,20,10
1,1,server-deployment-go-589776d785-26x6s,1752180466.489675,0.001907,1752180466.494577,0.004902,4,10,1
1,1,server-deployment-go-589776d785-26x6s,1752180466.523839,0.001304,1752180466.527576,0.003737,4,10,1
1,1,server-deployment-go-589776d785-26x6s,1752180466.539343,0.001170,1752180466.543568,0.004225,4,10,1
1,1,server-deployment-go-589776d785-2tkkn,1752180466.475293,0.002065,1752180466.479558,0.004266,4,10,1
1,1,server-deployment-go-589776d785-2tkkn,1752180466.528887,0.001529,1752180466.532598,0.003711,4,10,1
1,1,server-deployment-go-589776d785-2tkkn,1752180466.523395,0.001286,1752180466.558554,0.035159,4,10,1
1,1,server-deployment-go-589776d785-hnj22,1752180466.468440,0.001575,1752180466.472555,0.004115,4,10,1
1,1,server-deployment-go-589776d785-hnj22,1752180466.550862,0.002111,1752180466.555590,0.004728,4,10,1
1,1,server-deployment-go-589776d785-jg4nl,1752180466.417228,0.001792,1752180466.421600,0.004372,4,10,1
1,1,server-deployment-go-589776d785-jg4nl,1752180466.471567,0.002104,1752180466.476561,0.004993,4,10,1
1,1,server-deployment-go-589776d785-26x6s,1752180466.489675,0.001907,1752180466.494577,0.004902,4,10,1
1,1,server-deployment-go-589776d785-26x6s,1752180466.523839,0.001304,1752180466.527576,0.003737,4,10,1
1,1,server-deployment-go-589776d785-26x6s,1752180466.539343,0.001170,1752180466.543568,0.004225,4,10,1
1,1,server-deployment-go-589776d785-26x6s,1752180479.553263,0.001454,1752180479.557328,0.004065,4,10,1
1,1,server-deployment-go-589776d785-26x6s,1752180479.588936,0.002085,1752180479.633254,0.044318,4,10,1
1,1,server-deployment-go-589776d785-2tkkn,1752180466.475293,0.002065,1752180466.479558,0.004266,4,10,1
1,1,server-deployment-go-589776d785-2tkkn,1752180466.528887,0.001529,1752180466.532598,0.003711,4,10,1
1,1,server-deployment-go-589776d785-2tkkn,1752180466.523395,0.001286,1752180466.558554,0.035159,4,10,1
1,1,server-deployment-go-589776d785-2tkkn,1752180479.564173,0.001638,1752180479.568254,0.004081,4,10,1
1,1,server-deployment-go-589776d785-2tkkn,1752180479.571160,0.001398,1752180479.575346,0.004186,4,10,1
1,1,server-deployment-go-589776d785-hnj22,1752180466.468440,0.001575,1752180466.472555,0.004115,4,10,1
1,1,server-deployment-go-589776d785-hnj22,1752180466.550862,0.002111,1752180466.555590,0.004728,4,10,1
1,1,server-deployment-go-589776d785-hnj22,1752180479.516910,0.001791,1752180479.532243,0.015333,4,10,1
1,1,server-deployment-go-589776d785-hnj22,1752180479.533910,0.001979,1752180479.538361,0.004451,4,10,1
1,1,server-deployment-go-589776d785-hnj22,1752180479.604387,0.001556,1752180479.608266,0.003879,4,10,1
1,1,server-deployment-go-589776d785-hnj22,1752180479.614938,0.001302,1752180479.618249,0.003311,4,10,1
1,1,server-deployment-go-589776d785-jg4nl,1752180466.417228,0.001792,1752180466.421600,0.004372,4,10,1
1,1,server-deployment-go-589776d785-jg4nl,1752180466.471567,0.002104,1752180466.476561,0.004993,4,10,1
1,1,server-deployment-go-589776d785-jg4nl,1752180479.515965,0.002205,1752180479.520453,0.004488,4,10,1
1,1,server-deployment-go-589776d785-jg4nl,1752180479.557042,0.001163,1752180479.561231,0.004189,4,10,1
10,1,server-deployment-go-5c77dcd7c5-bzfsn,1752180494.571631,0.002222,1752180494.577255,0.005624,4,10,10
10,1,server-deployment-go-5c77dcd7c5-bzfsn,1752180494.665310,0.001943,1752180494.670283,0.004973,4,10,10
10,1,server-deployment-go-5c77dcd7c5-fvnw9,1752180494.577449,0.001837,1752180494.624249,0.046800,4,10,10
10,1,server-deployment-go-5c77dcd7c5-fvnw9,1752180494.681312,0.001835,1752180494.685251,0.003939,4,10,10
10,1,server-deployment-go-5c77dcd7c5-fvnw9,1752180494.708062,0.002006,1752180494.713279,0.005217,4,10,10
10,1,server-deployment-go-5c77dcd7c5-kjvzz,1752180494.653595,0.001685,1752180494.658262,0.004667,4,10,10
10,1,server-deployment-go-5c77dcd7c5-kjvzz,1752180494.678622,0.002206,1752180494.683330,0.004708,4,10,10
10,1,server-deployment-go-5c77dcd7c5-xqtc7,1752180494.603028,0.001783,1752180494.607247,0.004219,4,10,10
10,1,server-deployment-go-5c77dcd7c5-xqtc7,1752180494.687656,0.001130,1752180494.691277,0.003621,4,10,10
10,1,server-deployment-go-5c77dcd7c5-xqtc7,1752180494.709603,0.001940,1752180494.714239,0.004636,4,10,10
10,1,server-deployment-go-5c77dcd7c5-bzfsn,1752180494.571631,0.002222,1752180494.577255,0.005624,4,10,10
10,1,server-deployment-go-5c77dcd7c5-bzfsn,1752180494.665310,0.001943,1752180494.670283,0.004973,4,10,10
10,1,server-deployment-go-5c77dcd7c5-bzfsn,1752180507.808143,0.001734,1752180507.813044,0.004901,4,10,10
10,1,server-deployment-go-5c77dcd7c5-fvnw9,1752180494.577449,0.001837,1752180494.624249,0.046800,4,10,10
10,1,server-deployment-go-5c77dcd7c5-fvnw9,1752180494.681312,0.001835,1752180494.685251,0.003939,4,10,10
10,1,server-deployment-go-5c77dcd7c5-fvnw9,1752180494.708062,0.002006,1752180494.713279,0.005217,4,10,10
10,1,server-deployment-go-5c77dcd7c5-fvnw9,1752180507.729280,0.001977,1752180507.734029,0.004749,4,10,10
10,1,server-deployment-go-5c77dcd7c5-fvnw9,1752180507.805379,0.001553,1752180507.810043,0.004664,4,10,10
10,1,server-deployment-go-5c77dcd7c5-fvnw9,1752180507.783139,0.001336,1752180507.828038,0.044899,4,10,10
10,1,server-deployment-go-5c77dcd7c5-fvnw9,1752180507.843026,0.001520,1752180507.847063,0.004037,4,10,10
10,1,server-deployment-go-5c77dcd7c5-kjvzz,1752180494.653595,0.001685,1752180494.658262,0.004667,4,10,10
10,1,server-deployment-go-5c77dcd7c5-kjvzz,1752180494.678622,0.002206,1752180494.683330,0.004708,4,10,10
10,1,server-deployment-go-5c77dcd7c5-kjvzz,1752180507.773744,0.001875,1752180507.778024,0.004280,4,10,10
10,1,server-deployment-go-5c77dcd7c5-kjvzz,1752180507.777773,0.001244,1752180507.781028,0.003255,4,10,10
10,1,server-deployment-go-5c77dcd7c5-kjvzz,1752180507.820431,0.001563,1752180507.825037,0.004606,4,10,10
10,1,server-deployment-go-5c77dcd7c5-xqtc7,1752180494.603028,0.001783,1752180494.607247,0.004219,4,10,10
10,1,server-deployment-go-5c77dcd7c5-xqtc7,1752180494.687656,0.001130,1752180494.691277,0.003621,4,10,10
10,1,server-deployment-go-5c77dcd7c5-xqtc7,1752180494.709603,0.001940,1752180494.714239,0.004636,4,10,10
10,1,server-deployment-go-5c77dcd7c5-xqtc7,1752180507.745052,0.001318,1752180507.749036,0.003984,4,10,10
10,1,server-deployment-go-5c77dcd7c5-xqtc7,1752180507.749526,0.001246,1752180507.753032,0.003506,4,10,10
1,1,server-deployment-go-79945b4f78-9hq9t,1752180523.048024,0.001877,1752180523.054049,0.006024,4,20,1
1,1,server-deployment-go-79945b4f78-9hq9t,1752180523.050353,0.002691,1752180523.057025,0.006673,4,20,1
1,1,server-deployment-go-79945b4f78-9hq9t,1752180523.216570,0.001248,1752180523.220020,0.003450,4,20,1
1,1,server-deployment-go-79945b4f78-9hq9t,1752180525.096848,0.001962,1752180525.101017,0.004169,4,20,1
1,1,server-deployment-go-79945b4f78-phjpv,1752180522.996268,0.004770,1752180523.008732,0.012463,4,20,1
1,1,server-deployment-go-79945b4f78-phjpv,1752180523.097838,0.001809,1752180523.103084,0.005246,4,20,1
1,1,server-deployment-go-79945b4f78-phjpv,1752180523.127980,0.001312,1752180523.175143,0.047163,4,20,1
1,1,server-deployment-go-79945b4f78-phjpv,1752180523.173557,0.001303,1752180523.177058,0.003500,4,20,1
1,1,server-deployment-go-79945b4f78-phjpv,1752180523.182412,0.001409,1752180523.186082,0.003670,4,20,1
1,1,server-deployment-go-79945b4f78-rsdlh,1752180523.022679,0.001482,1752180523.028075,0.005397,4,20,1
1,1,server-deployment-go-79945b4f78-rsdlh,1752180523.061258,0.002122,1752180523.071714,0.010456,4,20,1
1,1,server-deployment-go-79945b4f78-rsdlh,1752180523.062243,0.002475,1752180523.079117,0.016873,4,20,1
1,1,server-deployment-go-79945b4f78-rsdlh,1752180523.076552,0.001123,1752180523.084035,0.007483,4,20,1
1,1,server-deployment-go-79945b4f78-rsdlh,1752180523.187277,0.001573,1752180523.192037,0.004760,4,20,1
1,1,server-deployment-go-79945b4f78-rsdlh,1752180523.198463,0.001158,1752180523.202039,0.003575,4,20,1
1,1,server-deployment-go-79945b4f78-rsdlh,1752180525.106464,0.001342,1752180525.110068,0.003604,4,20,1
1,1,server-deployment-go-79945b4f78-tw96d,1752180522.943374,0.001883,1752180522.955073,0.011699,4,20,1
1,1,server-deployment-go-79945b4f78-tw96d,1752180523.112078,0.001557,1752180523.116135,0.004057,4,20,1
1,1,server-deployment-go-79945b4f78-tw96d,1752180523.191861,0.001406,1752180523.196074,0.004214,4,20,1
1,1,server-deployment-go-79945b4f78-tw96d,1752180523.224013,0.001901,1752180523.272062,0.048050,4,20,1
1,1,server-deployment-go-79945b4f78-9hq9t,1752180523.048024,0.001877,1752180523.054049,0.006024,4,20,1
1,1,server-deployment-go-79945b4f78-9hq9t,1752180523.050353,0.002691,1752180523.057025,0.006673,4,20,1
1,1,server-deployment-go-79945b4f78-9hq9t,1752180523.216570,0.001248,1752180523.220020,0.003450,4,20,1
1,1,server-deployment-go-79945b4f78-9hq9t,1752180525.096848,0.001962,1752180525.101017,0.004169,4,20,1
1,1,server-deployment-go-79945b4f78-9hq9t,1752180537.918328,0.002156,1752180537.926029,0.007701,4,20,1
1,1,server-deployment-go-79945b4f78-9hq9t,1752180537.991355,0.001821,1752180537.996759,0.005404,4,20,1
1,1,server-deployment-go-79945b4f78-9hq9t,1752180538.039001,0.001222,1752180538.045430,0.006429,4,20,1
1,1,server-deployment-go-79945b4f78-9hq9t,1752180538.155464,0.001715,1752180538.160816,0.005352,4,20,1
1,1,server-deployment-go-79945b4f78-9hq9t,1752180538.218486,0.001250,1752180538.222764,0.004278,4,20,1
1,1,server-deployment-go-79945b4f78-9hq9t,1752180538.222659,0.001797,1752180538.226773,0.004113,4,20,1
1,1,server-deployment-go-79945b4f78-9hq9t,1752180538.241527,0.001791,1752180538.246778,0.005252,4,20,1
1,1,server-deployment-go-79945b4f78-9hq9t,1752180540.197572,0.002053,1752180540.201759,0.004187,4,20,1
1,1,server-deployment-go-79945b4f78-phjpv,1752180522.996268,0.004770,1752180523.008732,0.012463,4,20,1
1,1,server-deployment-go-79945b4f78-phjpv,1752180523.097838,0.001809,1752180523.103084,0.005246,4,20,1
1,1,server-deployment-go-79945b4f78-phjpv,1752180523.127980,0.001312,1752180523.175143,0.047163,4,20,1
1,1,server-deployment-go-79945b4f78-phjpv,1752180523.173557,0.001303,1752180523.177058,0.003500,4,20,1
1,1,server-deployment-go-79945b4f78-phjpv,1752180523.182412,0.001409,1752180523.186082,0.003670,4,20,1
1,1,server-deployment-go-79945b4f78-phjpv,1752180538.079434,0.001195,1752180538.087781,0.008347,4,20,1
1,1,server-deployment-go-79945b4f78-phjpv,1752180538.075859,0.001140,1752180538.089431,0.013572,4,20,1
1,1,server-deployment-go-79945b4f78-phjpv,1752180538.087737,0.001700,1752180538.093757,0.006020,4,20,1
1,1,server-deployment-go-79945b4f78-phjpv,1752180538.258480,0.001449,1752180538.262827,0.004347,4,20,1
1,1,server-deployment-go-79945b4f78-rsdlh,1752180523.022679,0.001482,1752180523.028075,0.005397,4,20,1
1,1,server-deployment-go-79945b4f78-rsdlh,1752180523.061258,0.002122,1752180523.071714,0.010456,4,20,1
1,1,server-deployment-go-79945b4f78-rsdlh,1752180523.062243,0.002475,1752180523.079117,0.016873,4,20,1
1,1,server-deployment-go-79945b4f78-rsdlh,1752180523.076552,0.001123,1752180523.084035,0.007483,4,20,1
1,1,server-deployment-go-79945b4f78-rsdlh,1752180523.187277,0.001573,1752180523.192037,0.004760,4,20,1
1,1,server-deployment-go-79945b4f78-rsdlh,1752180523.198463,0.001158,1752180523.202039,0.003575,4,20,1
1,1,server-deployment-go-79945b4f78-rsdlh,1752180525.106464,0.001342,1752180525.110068,0.003604,4,20,1
1,1,server-deployment-go-79945b4f78-rsdlh,1752180538.063644,0.001519,1752180538.070784,0.007140,4,20,1
1,1,server-deployment-go-79945b4f78-rsdlh,1752180538.124962,0.003411,1752180538.132315,0.007353,4,20,1
1,1,server-deployment-go-79945b4f78-rsdlh,1752180538.242639,0.001632,1752180538.247010,0.004371,4,20,1
1,1,server-deployment-go-79945b4f78-rsdlh,1752180540.232112,0.001614,1752180540.236765,0.004653,4,20,1
1,1,server-deployment-go-79945b4f78-tw96d,1752180522.943374,0.001883,1752180522.955073,0.011699,4,20,1
1,1,server-deployment-go-79945b4f78-tw96d,1752180523.112078,0.001557,1752180523.116135,0.004057,4,20,1
1,1,server-deployment-go-79945b4f78-tw96d,1752180523.191861,0.001406,1752180523.196074,0.004214,4,20,1
1,1,server-deployment-go-79945b4f78-tw96d,1752180523.224013,0.001901,1752180523.272062,0.048050,4,20,1
1,1,server-deployment-go-79945b4f78-tw96d,1752180538.130468,0.001618,1752180538.135937,0.005468,4,20,1
1,1,server-deployment-go-79945b4f78-tw96d,1752180538.182142,0.001569,1752180538.186776,0.004634,4,20,1
1,1,server-deployment-go-79945b4f78-tw96d,1752180538.214012,0.001929,1752180538.218751,0.004739,4,20,1
1,1,server-deployment-go-79945b4f78-tw96d,1752180538.256472,0.001782,1752180538.261820,0.005348,4,20,1
10,1,server-deployment-go-696d77946b-lqwcm,1752180555.267032,0.001398,1752180555.274497,0.007465,4,20,10
10,1,server-deployment-go-696d77946b-lqwcm,1752180555.392674,0.001899,1752180555.401774,0.009100,4,20,10
10,1,server-deployment-go-696d77946b-lqwcm,1752180557.330527,0.001864,1752180557.334748,0.004220,4,20,10
10,1,server-deployment-go-696d77946b-sddqs,1752180555.244483,0.002562,1752180555.273588,0.029105,4,20,10
10,1,server-deployment-go-696d77946b-sddqs,1752180555.285769,0.001410,1752180555.302802,0.017034,4,20,10
10,1,server-deployment-go-696d77946b-sddqs,1752180555.323285,0.001885,1752180555.328763,0.005478,4,20,10
10,1,server-deployment-go-696d77946b-sddqs,1752180555.408539,0.001423,1752180555.414780,0.006241,4,20,10
10,1,server-deployment-go-696d77946b-sddqs,1752180555.435044,0.001240,1752180555.438782,0.003738,4,20,10
10,1,server-deployment-go-696d77946b-sddqs,1752180555.434968,0.001198,1752180555.438901,0.003932,4,20,10
10,1,server-deployment-go-696d77946b-sddqs,1752180555.480255,0.001233,1752180555.484813,0.004558,4,20,10
10,1,server-deployment-go-696d77946b-vrzds,1752180555.264728,0.001170,1752180555.300768,0.036040,4,20,10
10,1,server-deployment-go-696d77946b-vrzds,1752180555.355912,0.001537,1752180555.360797,0.004884,4,20,10
10,1,server-deployment-go-696d77946b-vrzds,1752180555.407549,0.001416,1752180555.412784,0.005235,4,20,10
10,1,server-deployment-go-696d77946b-vrzds,1752180555.445077,0.001266,1752180555.448771,0.003694,4,20,10
10,1,server-deployment-go-696d77946b-vrzds,1752180555.483666,0.002090,1752180555.488777,0.005111,4,20,10
10,1,server-deployment-go-696d77946b-vrzds,1752180557.302950,0.001719,1752180557.306767,0.003817,4,20,10
10,1,server-deployment-go-696d77946b-xzstd,1752180555.337398,0.001401,1752180555.342614,0.005216,4,20,10
10,1,server-deployment-go-696d77946b-xzstd,1752180555.435291,0.001956,1752180555.439750,0.004458,4,20,10
10,1,server-deployment-go-696d77946b-xzstd,1752180555.471345,0.001582,1752180555.475779,0.004433,4,20,10
10,1,server-deployment-go-696d77946b-xzstd,1752180555.485003,0.001283,1752180555.488782,0.003779,4,20,10
10,1,server-deployment-go-696d77946b-lqwcm,1752180555.267032,0.001398,1752180555.274497,0.007465,4,20,10
10,1,server-deployment-go-696d77946b-lqwcm,1752180555.392674,0.001899,1752180555.401774,0.009100,4,20,10
10,1,server-deployment-go-696d77946b-lqwcm,1752180557.330527,0.001864,1752180557.334748,0.004220,4,20,10
10,1,server-deployment-go-696d77946b-lqwcm,1752180570.265127,0.001837,1752180570.276432,0.011305,4,20,10
10,1,server-deployment-go-696d77946b-lqwcm,1752180570.281281,0.001844,1752180570.287439,0.006159,4,20,10
10,1,server-deployment-go-696d77946b-lqwcm,1752180570.337147,0.003029,1752180570.363540,0.026393,4,20,10
10,1,server-deployment-go-696d77946b-lqwcm,1752180570.405836,0.001468,1752180570.412447,0.006611,4,20,10
10,1,server-deployment-go-696d77946b-lqwcm,1752180570.509197,0.001857,1752180570.514424,0.005227,4,20,10
10,1,server-deployment-go-696d77946b-lqwcm,1752180572.534535,0.001794,1752180572.538444,0.003909,4,20,10
10,1,server-deployment-go-696d77946b-sddqs,1752180555.244483,0.002562,1752180555.273588,0.029105,4,20,10
10,1,server-deployment-go-696d77946b-sddqs,1752180555.285769,0.001410,1752180555.302802,0.017034,4,20,10
10,1,server-deployment-go-696d77946b-sddqs,1752180555.323285,0.001885,1752180555.328763,0.005478,4,20,10
10,1,server-deployment-go-696d77946b-sddqs,1752180555.408539,0.001423,1752180555.414780,0.006241,4,20,10
10,1,server-deployment-go-696d77946b-sddqs,1752180555.435044,0.001240,1752180555.438782,0.003738,4,20,10
10,1,server-deployment-go-696d77946b-sddqs,1752180555.434968,0.001198,1752180555.438901,0.003932,4,20,10
10,1,server-deployment-go-696d77946b-sddqs,1752180555.480255,0.001233,1752180555.484813,0.004558,4,20,10
10,1,server-deployment-go-696d77946b-sddqs,1752180570.384401,0.002078,1752180570.396438,0.012038,4,20,10
10,1,server-deployment-go-696d77946b-sddqs,1752180570.458766,0.001959,1752180570.464415,0.005649,4,20,10
10,1,server-deployment-go-696d77946b-sddqs,1752180570.647125,0.003113,1752180570.653033,0.005907,4,20,10
10,1,server-deployment-go-696d77946b-vrzds,1752180555.264728,0.001170,1752180555.300768,0.036040,4,20,10
10,1,server-deployment-go-696d77946b-vrzds,1752180555.355912,0.001537,1752180555.360797,0.004884,4,20,10
10,1,server-deployment-go-696d77946b-vrzds,1752180555.407549,0.001416,1752180555.412784,0.005235,4,20,10
10,1,server-deployment-go-696d77946b-vrzds,1752180555.445077,0.001266,1752180555.448771,0.003694,4,20,10
10,1,server-deployment-go-696d77946b-vrzds,1752180555.483666,0.002090,1752180555.488777,0.005111,4,20,10
10,1,server-deployment-go-696d77946b-vrzds,1752180557.302950,0.001719,1752180557.306767,0.003817,4,20,10
10,1,server-deployment-go-696d77946b-vrzds,1752180570.304108,0.001799,1752180570.317554,0.013446,4,20,10
10,1,server-deployment-go-696d77946b-vrzds,1752180570.314024,0.001851,1752180570.319785,0.005762,4,20,10
10,1,server-deployment-go-696d77946b-vrzds,1752180570.383074,0.002347,1752180570.390978,0.007904,4,20,10
10,1,server-deployment-go-696d77946b-vrzds,1752180570.455060,0.002681,1752180570.461588,0.006529,4,20,10
10,1,server-deployment-go-696d77946b-vrzds,1752180570.489107,0.001913,1752180570.496483,0.007376,4,20,10
10,1,server-deployment-go-696d77946b-vrzds,1752180570.522235,0.001358,1752180570.551449,0.029214,4,20,10
10,1,server-deployment-go-696d77946b-vrzds,1752180572.527064,0.001784,1752180572.531429,0.004364,4,20,10
10,1,server-deployment-go-696d77946b-xzstd,1752180555.337398,0.001401,1752180555.342614,0.005216,4,20,10
10,1,server-deployment-go-696d77946b-xzstd,1752180555.435291,0.001956,1752180555.439750,0.004458,4,20,10
10,1,server-deployment-go-696d77946b-xzstd,1752180555.471345,0.001582,1752180555.475779,0.004433,4,20,10
10,1,server-deployment-go-696d77946b-xzstd,1752180555.485003,0.001283,1752180555.488782,0.003779,4,20,10
10,1,server-deployment-go-696d77946b-xzstd,1752180570.255066,0.001316,1752180570.261713,0.006647,4,20,10
10,1,server-deployment-go-696d77946b-xzstd,1752180570.406246,0.002028,1752180570.414550,0.008303,4,20,10
10,1,server-deployment-go-696d77946b-xzstd,1752180570.492470,0.001457,1752180570.497529,0.005059,4,20,10
10,1,server-deployment-go-696d77946b-xzstd,1752180570.508039,0.001754,1752180570.513430,0.005391,4,20,10
